,cid,smiles,description,label
0,187,CC(=O)OCC[N+](C)(C)C,Negative,0
1,247,C[N+](C)(C)CC(=O)[O-],Negative,0
2,298,c1cc(ccc1C(C(CO)NC(=O)C(Cl)Cl)O)[N+](=O)[O-],Negative,0
3,338,c1ccc(c(c1)C(=O)O)O,Negative,0
4,444,CC(C(=O)c1cccc(c1)Cl)NC(C)(C)C,Negative,0
5,453,C(C(C(C(C(CO)O)O)O)O)O,Negative,0
6,564,C(CCC(=O)O)CCN,Negative,0
7,679,CS(=O)C,Negative,0
8,681,c1cc(c(cc1CCN)O)O,Negative,0
9,727,C1(C(C(C(C(C1Cl)Cl)Cl)Cl)Cl)Cl,Negative,0
10,892,C1(C(C(C(C(C1O)O)O)O)O)O,Negative,0
11,938,c1cc(cnc1)C(=O)O,Positive,1
12,978,c1cc(ccc1C(=O)O)N,Negative,0
13,988,CC(C)(CO)C(C(=O)NCCC(=O)O)O,Negative,0
14,1046,c1cnc(cn1)C(=O)N,Positive,1
15,1054,Cc1c(c(c(cn1)CO)CO)O,Negative,0
16,1130,Cc1c(sc[n+]1Cc2cnc(nc2N)C)CCO,Negative,0
17,1674,Cc1ccc2cc3c4ccccc4ccc3c5c2c1CC5,Positive,1
18,1775,c1ccc(cc1)C2(C(=O)NC(=O)N2)c3ccccc3,Positive,1
19,1923,c1cc2cccnc2c(c1)O,Positive,1
20,1935,c1ccc2c(c1)c(c3c(n2)CCCC3)N,Negative,0
21,1986,CC(=O)Nc1nnc(s1)S(=O)(=O)N,Positive,1
22,1989,CC(=O)c1ccc(cc1)S(=O)(=O)NC(=O)NC2CCCCC2,Positive,1
23,2019,Cc1ccc(c2c1oc-3c(c(=O)c(c(c3n2)C(=O)NC4C(OC(=O)C(N(C(=O)CN(C(=O)C5CCCN5C(=O)C(NC4=O)C(C)C)C)C)C(C)C)C)N)C)C(=O)NC6C(OC(=O)C(N(C(=O)CN(C(=O)C7CCCN7C(=O)C(NC6=O)C(C)C)C)C)C(C)C)C,Positive,1
24,2082,CCCSc1ccc2c(c1)[nH]c(n2)NC(=O)OC,Positive,1
25,2083,CC(C)(C)NCC(c1ccc(c(c1)CO)O)O,Negative,0
26,2088,C(CC(O)(P(=O)(O)O)P(=O)(O)O)CN,Negative,0
27,2094,c1c-2c(=O)ncnc2[nH][nH]1,Positive,1
28,2130,C1C2CC3CC1CC(C2)(C3)N,Negative,0
29,2140,CC(=O)Nc1c(c(c(c(c1I)NC(=O)C)I)C(=O)O)I,Negative,0
30,2141,C(CN)CNCCSP(=O)(O)O,Negative,0
31,2145,CCC1(CCC(=O)NC1=O)c2ccc(cc2)N,Negative,0
32,2160,CN(C)CCC=C1c2ccccc2CCc3c1cccc3,Negative,0
33,2165,CCN(CC)Cc1cc(ccc1O)Nc2ccnc3c2ccc(c3)Cl,Positive,1
34,2179,COc1cc(ccc1Nc2c3ccccc3nc4c2cccc4)NS(=O)(=O)C,Positive,1
35,2244,CC(=O)Oc1ccccc1C(=O)O,Negative,0
36,2247,COc1ccc(cc1)CCN2CCC(CC2)Nc3nc4ccccc4n3Cc5ccc(cc5)F,Negative,0
37,2249,CC(C)NCC(COc1ccc(cc1)CC(=O)N)O,Negative,0
38,2265,Cn1cnc(c1Sc2c3c(nc[nH]3)ncn2)[N+](=O)[O-],Positive,1
39,2313,c1ccc(cc1)Cn2c3ccccc3c(n2)OCC(=O)O,Positive,1
40,2333,CCc1c(c2ccccc2o1)C(=O)c3cc(c(c(c3)Br)O)Br,Positive,1
41,2341,CC(Cc1ccccc1)N(C)Cc2ccccc2,Negative,0
42,2370,CC(C[N+](C)(C)C)OC(=O)N,Negative,0
43,2381,c1ccc(cc1)C(CCN2CCCCC2)(C3CC4CC3C=C4)O,Negative,0
44,2406,c1c(cc(c(c1Sc2cc(cc(c2O)Cl)Cl)O)Cl)Cl,Positive,1
45,2471,CCCCNc1cc(cc(c1Oc2ccccc2)S(=O)(=O)N)C(=O)O,Positive,1
46,2474,CCCCN1CCCCC1C(=O)Nc2c(cccc2C)C,Negative,0
47,2477,c1cnc(nc1)N2CCN(CC2)CCCCN3C(=O)CC4(CCCC4)CC3=O,Negative,0
48,2478,CS(=O)(=O)OCCCCOS(=O)(=O)C,Positive,1
49,2520,CC(C)C(CCCN(C)CCc1ccc(c(c1)OC)OC)(C#N)c2ccc(c(c2)OC)OC,Positive,1
50,2554,c1ccc2c(c1)C=Cc3ccccc3N2C(=O)N,Positive,1
51,2562,CCN(CC)CCOCCOC(=O)C1(CCCC1)c2ccccc2,Negative,0
52,2564,CN(C)CCOC(c1ccc(cc1)Cl)c2ccccn2,Negative,0
53,2576,CCCC(C)(COC(=O)N)COC(=O)NC(C)C,Negative,0
54,2610,CC1=C(N2C(C(C2=O)NC(=O)C(c3ccc(cc3)O)N)SC1)C(=O)O,Positive,1
55,2662,Cc1ccc(cc1)c2cc(nn2c3ccc(cc3)S(=O)(=O)N)C(F)(F)F,Positive,1
56,2707,C(C(Cl)(Cl)Cl)(O)O,Negative,0
57,2710,CN1CCN(CC1)C(c2ccccc2)c3ccc(cc3)Cl,Negative,0
58,2717,CN1C(S(=O)(=O)CCC1=O)c2ccc(cc2)Cl,Positive,1
59,2725,CN(C)CCC(c1ccc(cc1)Cl)c2ccccn2,Negative,0
60,2727,CCCNC(=O)NS(=O)(=O)c1ccc(cc1)Cl,Positive,1
61,2733,c1cc2c(cc1Cl)[nH]c(=O)o2,Positive,1
62,2749,Cc1cc(n(c(=O)c1)O)C2CCCCC2,Negative,0
63,2754,c1cc2c(cc1OCCCCc3nnnn3C4CCCCC4)CCC(=O)N2,Negative,0
64,2764,c1c2c(cc(c1F)N3CCNCC3)n(cc(c2=O)C(=O)O)C4CC4,Positive,1
65,2803,c1cc(c(c(c1)Cl)NC2=NCCN2)Cl,Positive,1
66,2818,CN1CCN(CC1)C2=c3ccccc3=Nc4ccc(cc4N2)Cl,Positive,1
67,2898,CC(=O)Oc1ccc(cc1)C(=C2CCCCC2)c3ccc(cc3)OC(=O)C,Positive,1
68,2913,CN1CCC(=C2c3ccccc3C=Cc4c2cccc4)CC1,Positive,1
69,2952,c1cc(ccc1c2ccc(o2)C=NN3CC(=O)NC3=O)[N+](=O)[O-],Positive,1
70,2955,c1cc(ccc1N)S(=O)(=O)c2ccc(cc2)N,Positive,1
71,2973,CC(=O)N(CCCCCNC(=O)CCC(=O)N(CCCCCNC(=O)CCC(=O)N(CCCCCN)O)O)O,Negative,0
72,2995,CNCCCN1c2ccccc2CCc3c1cccc3,Negative,0
73,3033,c1ccc(c(c1)CC(=O)O)Nc2c(cccc2Cl)Cl,Positive,1
74,3042,CCN(CC)CCOC(=O)C1(CCCCC1)C2CCCCC2,Negative,0
75,3059,c1cc(c(cc1c2ccc(cc2F)F)C(=O)O)O,Positive,1
76,3080,C(C(CS)S)O,Positive,1
77,3100,CN(C)CCOC(c1ccccc1)c2ccccc2,Negative,0
78,3108,C1CCN(CC1)c2c3c(c(nc(n3)N(CCO)CCO)N4CCCCC4)nc(n2)N(CCO)CCO,Positive,1
79,3117,CCN(CC)C(=S)SSC(=S)N(CC)CC,Positive,1
80,3152,COc1cc2c(cc1OC)C(=O)C(C2)CC3CCN(CC3)Cc4ccccc4,Negative,0
81,3162,CC(c1ccccc1)(c2ccccn2)OCCN(C)C,Negative,0
82,3168,c1ccc2c(c1)[nH]c(=O)n2C3=CCN(CC3)CCCC(=O)c4ccc(cc4)F,Negative,0
83,3202,CC[N+](C)(C)c1cccc(c1)O,Negative,0
84,3305,CC(O)(P(=O)(O)O)P(=O)(O)O,Negative,0
85,3308,CCc1cccc2c1[nH]c3c2CCOC3(CC)CC(=O)O,Positive,1
86,3330,c1cc(ccc1NN=C(C#N)C#N)OC(F)(F)F,Positive,1
87,3339,CC(C)OC(=O)C(C)(C)Oc1ccc(cc1)C(=O)c2ccc(cc2)Cl,Positive,1
88,3342,CC(c1cccc(c1)Oc2ccccc2)C(=O)O,Positive,1
89,3345,CCC(=O)N(c1ccccc1)C2CCN(CC2)CCc3ccccc3,Negative,0
90,3348,CC(C)(c1ccc(cc1)C(CCCN2CCC(CC2)C(c3ccccc3)(c4ccccc4)O)O)C(=O)O,Negative,0
91,3351,c1cc(ccc1OCC(=O)N2CCN(CC2)Cc3ccc4c(c3)OCO4)Cl,Positive,1
92,3354,Cc1c(=O)c2cccc(c2oc1c3ccccc3)C(=O)OCCN4CCCCC4,Negative,0
93,3365,c1cc(c(cc1F)F)C(Cn2cncn2)(Cn3cncn3)O,Positive,1
94,3366,c1c(c([nH]c(=O)n1)N)F,Positive,1
95,3385,c1c(c(=O)[nH]c(=O)[nH]1)F,Positive,1
96,3386,CNCCC(c1ccccc1)Oc2ccc(cc2)C(F)(F)F,Negative,0
97,3394,CC(c1ccc(c(c1)F)c2ccccc2)C(=O)O,Positive,1
98,3397,CC(C)C(=O)Nc1ccc(c(c1)C(F)(F)F)[N+](=O)[O-],Positive,1
99,3404,COCCCCC(=NOCCN)c1ccc(cc1)C(F)(F)F,Negative,0
100,3435,c1cc(oc1C=NN2CCOC2=O)[N+](=O)[O-],Positive,1
101,3440,c1cc(oc1)CNc2cc(c(cc2C(=O)O)S(=O)(=O)N)Cl,Positive,1
102,3446,C1CCC(CC1)(CC(=O)O)CN,Negative,0
103,3467,CC(C1CCC(C(O1)OC2C(CC(C(C2O)OC3C(C(C(CO3)(C)O)NC)O)N)N)N)NC,Negative,0
104,3474,c1ccc(c(c1)C(=O)OCC(CO)O)Nc2ccnc3c2ccc(c3)Cl,Positive,1
105,3516,COc1ccccc1OCC(CO)O,Negative,0
106,3518,C1CCCN(CCC1)CCN=C(N)N,Negative,0
107,3610,CCCCCCc1ccc(cc1O)O,Negative,0
108,3639,c1c2c(cc(c1Cl)S(=O)(=O)N)S(=O)(=O)NCN2,Positive,1
109,3658,c1ccc(cc1)C(c2ccc(cc2)Cl)N3CCN(CC3)CCOCCO,Negative,0
110,3675,c1ccc(cc1)CCNN,Negative,0
111,3676,CCN(CC)CC(=O)Nc1c(cccc1C)C,Negative,0
112,3698,c1cnccc1c2cc(c(=O)[nH]c2)N,Positive,1
113,3715,Cc1c(c2cc(ccc2n1C(=O)c3ccc(cc3)Cl)OC)CC(=O)O,Positive,1
114,3724,CC(=O)N(CC(CN(c1c(c(c(c(c1I)C(=O)NCC(CO)O)I)C(=O)NCC(CO)O)I)C(=O)C)O)c2c(c(c(c(c2I)C(=O)NCC(CO)O)I)C(=O)NCC(CO)O)I,Negative,0
115,3748,CC(C)NNC(=O)c1ccncc1,Positive,1
116,3759,Cc1cc(no1)C(=O)NNCc2ccccc2,Positive,1
117,3779,CC(C)NCC(c1ccc(c(c1)O)O)O,Negative,0
118,3783,CC(COc1ccccc1)NC(C)C(c2ccc(cc2)O)O,Negative,0
119,3821,CNC1(CCCCC1=O)c2ccccc2Cl,Negative,0
120,3825,CC(c1cccc(c1)C(=O)c2ccccc2)C(=O)O,Positive,1
121,3826,c1ccc(cc1)C(=O)c2ccc3n2CCC3C(=O)O,Positive,1
122,3899,Cc1c(cno1)C(=O)Nc2ccc(cc2)C(F)(F)F,Positive,1
123,3902,c1cc(ccc1C#N)C(c2ccc(cc2)C#N)n3cncn3,Positive,1
124,3948,CCn1cc(c(=O)c2c1c(c(c(c2)F)N3CCNC(C3)C)F)C(=O)O,Positive,1
125,3955,CN(C)C(=O)C(CCN1CCC(CC1)(c2ccc(cc2)Cl)O)(c3ccccc3)c4ccccc4,Negative,0
126,3957,CCOC(=O)N1CCC(=C2c3ccc(cc3CCc4c2nccc4)Cl)CC1,Negative,0
127,3961,CCCCc1nc(c(n1Cc2ccc(cc2)c3ccccc3c4n[nH]nn4)CO)Cl,Positive,1
128,4011,CNCCCC12CCC(c3c1cccc3)c4c2cccc4,Negative,0
129,4030,COC(=O)Nc1[nH]c2cc(ccc2n1)C(=O)c3ccccc3,Positive,1
130,4034,Cc1cccc(c1)CN2CCN(CC2)C(c3ccccc3)c4ccc(cc4)Cl,Negative,0
131,4037,Cc1ccc(c(c1Cl)Nc2ccccc2C(=O)O)Cl,Positive,1
132,4044,Cc1cccc(c1C)Nc2ccccc2C(=O)O,Positive,1
133,4046,c1cc2c(cc(nc2c(c1)C(F)(F)F)C(F)(F)F)C(C3CCCCN3)O,Negative,0
134,4054,CC12CC3CC(C1)(CC(C3)(C2)N)C,Negative,0
135,4078,CN1CCCCC1CCN2c3ccccc3Sc4c2cc(cc4)S(=O)C,Positive,1
136,4086,CC(C)NCC(c1cc(cc(c1)O)O)O,Negative,0
137,4091,CN(C)C(=N)N=C(N)N,Negative,0
138,4170,Cc1ccccc1N2C(Nc3cc(c(cc3C2=O)S(=O)(=O)N)Cl)C,Positive,1
139,4173,Cc1ncc(n1CCO)[N+](=O)[O-],Positive,1
140,4174,CC(C)(c1cccnc1)C(=O)c2cccnc2,Negative,0
141,4192,Cc1ncc2n1-c3ccc(cc3C(=NC2)c4ccccc4F)Cl,Negative,0
142,4195,COc1ccc(c(c1)C(CNC(=O)CN)O)OC,Negative,0
143,4201,c1c(n(c(=N)nc1N2CCCCC2)O)N,Negative,0
144,4211,c1ccc(c(c1)C(c2ccc(cc2)Cl)C(Cl)Cl)Cl,Negative,0
145,4212,c1cc(c2c(c1NCCNCCO)C(=O)c3c(ccc(c3C2=O)O)O)NCCNCCO,Positive,1
146,4260,Cc1cc(c(cc1OC(=O)C)C(C)C)OCCN(C)C,Positive,1
147,4421,CCn1cc(c(=O)c2c1nc(cc2)C)C(=O)O,Positive,1
148,4454,C1C(C(C(C(C1N)OC2C(C(C(C(O2)CN)O)O)N)OC3C(C(C(O3)CO)OC4C(C(C(C(O4)CN)O)O)N)O)O)N,Negative,0
149,4463,Cc1ccnc2c1NC(=O)c3cccnc3N2C4CC4,Positive,1
150,4472,c1ccc(cc1)CNC(=O)CCNNC(=O)c2ccncc2,Positive,1
151,4474,CC1=C(C(C(=C(N1)C)C(=O)OCCN(C)Cc2ccccc2)c3cccc(c3)[N+](=O)[O-])C(=O)OC,Positive,1
152,4485,CC1=C(C(C(=C(N1)C)C(=O)OC)c2ccccc2[N+](=O)[O-])C(=O)OC,Positive,1
153,4493,CC1(C(=O)N(C(=O)N1)c2ccc(c(c2)C(F)(F)F)[N+](=O)[O-])C,Positive,1
154,4495,CS(=O)(=O)Nc1ccc(cc1Oc2ccccc2)[N+](=O)[O-],Positive,1
155,4497,CC1=C(C(C(=C(N1)C)C(=O)OC(C)C)c2cccc(c2)[N+](=O)[O-])C(=O)OCCOC,Positive,1
156,4528,CN1Cc2c(cccc2N)C(C1)c3ccccc3,Positive,1
157,4539,CCn1cc(c(=O)c2c1cc(c(c2)F)N3CCNCC3)C(=O)O,Positive,1
158,4601,Cc1ccccc1C(c2ccccc2)OCCN(C)C,Negative,0
159,4614,c1ccc(cc1)c2c(oc(n2)CCC(=O)O)c3ccccc3,Positive,1
160,4622,CCCOc1ccc2c(c1)[nH]c(n2)NC(=O)OC,Positive,1
161,4634,CCN(CC)CC#CCOC(=O)C(c1ccccc1)(C2CCCCC2)O,Negative,0
162,4674,C(CN)C(O)(P(=O)(O)O)P(=O)(O)O,Negative,0
163,4678,CC(C)(CO)C(C(=O)NCCCO)O,Negative,0
164,4680,COc1ccc(cc1OC)Cc2c3cc(c(cc3ccn2)OC)OC,Positive,1
165,4688,CN(CC#C)Cc1ccccc1,Negative,0
166,4723,c1ccc(cc1)C2C(=O)N=C(O2)N,Positive,1
167,4746,C1CCC(CC1)C(CC2CCCCN2)C3CCCCC3,Positive,1
168,4754,CCOc1ccc(cc1)NC(=O)C,Positive,1
169,4756,c1ccc(cc1)N=Nc2ccc(nc2N)N,Negative,0
170,4768,CC(COc1ccccc1)N(CCCl)Cc2ccccc2,Negative,0
171,4771,CC(C)(Cc1ccccc1)N,Negative,0
172,4781,CCCCC1C(=O)N(N(C1=O)c2ccccc2)c3ccccc3,Positive,1
173,4812,CC1=C(C(=O)c2ccccc2C1=O)CC=C(C)CCCC(C)CCCC(C)CCCC(C)C,Negative,0
174,4826,CC(C(C)(C)C)N=C(NC#N)Nc1ccncc1,Negative,0
175,4828,CC(C)NCC(COc1cccc2c1cc[nH]2)O,Negative,0
176,4891,c1ccc2c(c1)CCN3C2CN(CC3=O)C(=O)C4CCCCC4,Negative,0
177,4908,CC(CCCN)Nc1cc(cc2c1nccc2)OC,Negative,0
178,4909,CCC1(C(=O)NCNC1=O)c2ccccc2,Negative,0
179,4912,CC(C)(C)c1cc(cc(c1O)C(C)(C)C)SC(C)(C)Sc2cc(c(c(c2)C(C)(C)C)O)C(C)(C)C,Negative,0
180,4917,CN1CCN(CC1)CCCN2c3ccccc3Sc4c2cc(cc4)Cl,Positive,1
181,4919,c1ccc(cc1)C(CCN2CCCC2)(C3CCCCC3)O,Negative,0
182,4932,CCCNCC(COc1ccccc1C(=O)CCc2ccccc2)O,Negative,0
183,4943,CC(C)c1cccc(c1O)C(C)C,Negative,0
184,4946,CC(C)NCC(COc1cccc2c1cccc2)O,Negative,0
185,4976,CNCCCC1c2ccccc2C=Cc3c1cccc3,Negative,0
186,4991,C[n+]1cccc(c1)OC(=O)N(C)C,Negative,0
187,4992,CN(C)CCN(Cc1ccc(cc1)OC)c2ccccn2,Negative,0
188,4993,CCc1c(c(nc(n1)N)N)c2ccc(cc2)Cl,Positive,1
189,5070,c1cc2c(cc1OC(F)(F)F)sc(n2)N,Positive,1
190,5073,Cc1c(c(=O)n2c(n1)CCCC2)CCN3CCC(CC3)c4c5ccc(cc5on4)F,Positive,1
191,5147,c1ccc(c(c1)C(=O)N)O,Negative,0
192,5184,CN1C2CC(CC1C3C2O3)OC(=O)C(CO)c4ccccc4,Negative,0
193,5234,[Na+].[Cl-],Negative,0
194,5291,Cc1ccc(cc1Nc2nccc(n2)c3cccnc3)NC(=O)c4ccc(cc4)CN5CCN(CC5)C,Positive,1
195,5314,C[N+](C)(C)CCOC(=O)CCC(=O)OCC[N+](C)(C)C,Negative,0
196,5328,Cc1nnc(s1)NS(=O)(=O)c2ccc(cc2)N,Positive,1
197,5329,Cc1cc(no1)NS(=O)(=O)c2ccc(cc2)N,Positive,1
198,5333,c1cc(ccc1N)S(=O)(=O)N,Positive,1
199,5340,c1cc(ccc1N)S(=O)(=O)Nc2nccs2,Positive,1
200,5342,c1ccc(cc1)N2C(=O)C(C(=O)N2c3ccccc3)CCS(=O)c4ccccc4,Negative,0
201,5352,CC1=C(c2cc(ccc2C1=Cc3ccc(cc3)S(=O)C)F)CC(=O)O,Positive,1
202,5354,CCCCCCCCNC(C)C(c1ccc(cc1)SC(C)C)O,Positive,1
203,5394,Cn1c(=O)n2cnc(c2nn1)C(=O)N,Negative,0
204,5402,CC(C)(C)C#CC=CCN(C)Cc1cccc2c1cccc2,Positive,1
205,5405,CC(C)(C)c1ccc(cc1)C(CCCN2CCC(CC2)C(c3ccccc3)(c4ccccc4)O)O,Negative,0
206,5411,CCCCNc1ccc(cc1)C(=O)OCCN(C)C,Negative,0
207,5472,c1ccc(c(c1)CN2CCc3c(ccs3)C2)Cl,Positive,1
208,5503,Cc1ccc(cc1)S(=O)(=O)NC(=O)NN2CCCCCC2,Positive,1
209,5505,CCCCNC(=O)NS(=O)(=O)c1ccc(cc1)C,Positive,1
210,5509,Cc1ccc(cc1)C(=O)c2ccc(n2C)CC(=O)O,Positive,1
211,5526,C1CC(CCC1CN)C(=O)O,Negative,0
212,5533,c1ccn2c(c1)nn(c2=O)CCCN3CCN(CC3)c4cccc(c4)Cl,Positive,1
213,5572,c1ccc(cc1)C(CCN2CCCCC2)(C3CCCCC3)O,Negative,0
214,5577,CN(C)CCOc1ccc(cc1)CNC(=O)c2cc(c(c(c2)OC)OC)OC,Positive,1
215,5578,COc1cc(cc(c1OC)OC)Cc2cnc(nc2N)N,Positive,1
216,5591,Cc1c(c2c(c(c1O)C)CCC(O2)(C)COc3ccc(cc3)CC4C(=O)NC(=O)S4)C,Positive,1
217,5717,Cc1ccccc1S(=O)(=O)NC(=O)c2ccc(c(c2)OC)Cc3cn(c4c3cc(cc4)NC(=O)OC5CCCC5)C,Positive,1
218,5734,c1ccc2c(c1)c(no2)CS(=O)(=O)N,Positive,1
219,5743,CC1CC2C3CCC4=CC(=O)C=CC4(C3(C(CC2(C1(C(=O)CO)O)C)O)F)C,Negative,0
220,5746,CC1=C(C(=O)C2=C(C1=O)N3CC4C(C3(C2COC(=O)N)OC)N4)N,Negative,0
221,5749,CC[N+](C)(CC)CCOC(=O)C(c1ccccc1)(C2CCCCC2)O,Negative,0
222,5754,CC12CCC(=O)C=C1CCC3C2C(CC4(C3CCC4(C(=O)CO)O)C)O,Negative,0
223,5757,CC12CCC3c4ccc(cc4CCC3C1CCC2O)O,Negative,0
224,5775,Cc1ccc(cc1)N(CC2=NCCN2)c3cccc(c3)O,Negative,0
225,5790,c1c(c(=O)[nH]c(=O)n1C2CC(C(O2)CO)O)F,Positive,1
226,5816,CNCC(c1ccc(c(c1)O)O)O,Negative,0
227,5826,CC(Cc1ccccc1)N,Negative,0
228,5865,CC12CC(=O)C3C(C1CCC2(C(=O)CO)O)CCC4=CC(=O)C=CC34C,Negative,0
229,5878,CC12CCC3C(C1CCC2(C)O)CCC4C3(COC(=O)C4)C,Positive,1
230,5891,CN(C)c1c2c(ncn1)n(cn2)C3C(C(C(O3)CO)NC(=O)C(Cc4ccc(cc4)OC)N)O,Positive,1
231,5897,CC(=O)Nc1ccc-2c(c1)Cc3c2cccc3,Positive,1
232,5904,CC1(C(N2C(S1)C(C2=O)NC(=O)Cc3ccccc3)C(=O)O)C,Negative,0
233,5905,c1c(c(=O)[nH]c(=O)n1C2CC(C(O2)CO)O)I,Positive,1
234,5910,CCC1C(COC1=O)Cc2cncn2C,Negative,0
235,5920,c1cc(c(cc1Oc2c(cc(cc2I)CC(C(=O)O)N)I)I)O,Negative,0
236,5983,CC12CCN(C1N(c3c2cc(cc3)OC(=O)NC)C)C,Negative,0
237,6024,CC(=O)OCC1=C(N2C(C(C2=O)NC(=O)Cc3cccs3)SC1)C(=O)O,Positive,1
238,6032,C1C(C(C(C(C1N)OC2C(C(C(C(O2)CN)O)O)O)O)OC3C(C(C(C(O3)CO)O)N)O)N,Negative,0
239,6047,c1cc(c(cc1CC(C(=O)O)N)O)O,Negative,0
240,6082,CC(C(c1cc(ccc1OC)OC)O)N,Negative,0
241,6098,Cc1c(c(no1)c2ccccc2Cl)C(=O)NC3C4N(C3=O)C(C(S4)(C)C)C(=O)O,Positive,1
242,6134,C(C1C(C(C(C(O1)OC2C(OC(C(C2O)O)O)CO)O)O)O)O,Negative,0
243,6137,CSCCC(C(=O)O)N,Negative,0
244,6167,CC(=O)NC1CCc2cc(c(c(c2-c3c1cc(=O)c(cc3)OC)OC)OC)OC,Negative,0
245,6194,c1c(c(=O)[nH]c(=O)[nH]1)N(CCCl)CCCl,Positive,1
246,6221,CC(C)CCCC(C)C1CCC2C1(CCCC2=CC=C3CC(CCC3=C)O)C,Negative,0
247,6230,CC12CCC3C(C1CCC2(C#C)O)CCC4=CC(=O)CCC34,Negative,0
248,6253,c1cn(c(=O)nc1N)C2C(C(C(O2)CO)O)O,Positive,1
249,6322,C(CC(C(=O)O)N)CN=C(N)N,Negative,0
250,6503,C(C(CO)(CO)N)O,Negative,0
251,6726,CN1CCN(CC1)C(c2ccccc2)c3ccccc3,Negative,0
252,6832,CN1C2CCC1CC(C2)OC(c3ccccc3)c4ccccc4,Negative,0
253,7108,c1ccc2c(c1)Nc3ccccc3S2,Positive,1
254,7699,CCCCNc1ccc(cc1)C(=O)OCCOCCOCCOCCOCCOCCOCCOCCOCCOC,Negative,0
255,8226,CCC(CO)NC(=O)C1CN(C2Cc3c[nH]c4c3c(ccc4)C2=C1)C,Negative,0
256,8593,c1ccc(cc1)c2cc(c3ccccc3n2)C(=O)O,Positive,1
257,8944,CCOC(=O)C1(CCN(CC1)CCc2ccc(cc2)N)c3ccccc3,Negative,0
258,9052,CC(=O)CC(c1ccc(cc1)[N+](=O)[O-])c2c(=O)c3ccccc3oc2O,Positive,1
259,9294,CC(C(c1ccccc1)O)NC,Negative,0
260,9346,Cc1c(ccc2c1oc(c(c2=O)NC(=O)c3ccc(c(c3)CC=C(C)C)O)O)OC4C(C(C(C(O4)(C)C)OC)OC(=O)N)O,Positive,1
261,9444,c1nc(nc(=O)n1C2C(C(C(O2)CO)O)O)N,Positive,1
262,9681,CCC(CO)NC(=O)C1CN(C2Cc3cn(c4c3c(ccc4)C2=C1)C)C,Negative,0
263,9902,CC12CCC3C(C1CCC2(C)O)CCC4C3(CC(=CO)C(=O)C4)C,Positive,1
264,9904,CC12CCC3C(C1CCC2O)CCC4=CC(=O)CCC34,Positive,1
265,10631,CC1CC2C(CCC3(C2CCC3(C(=O)C)O)C)C4(C1=CC(=O)CC4)C,Negative,0
266,10836,CC(Cc1ccccc1)NC,Negative,0
267,10917,C[N+](C)(C)CC(CC(=O)[O-])O,Negative,0
268,11033,c1cc(ccc1N)S(=O)(=O)NC(=O)N,Positive,1
269,11080,c1ccc2c(c1)cccc2N=C=S,Positive,1
270,11333,C(C1C(C(C(C(O1)OC2C(OC(C2O)(CO)O)CO)O)O)O)O,Negative,0
271,11806,CC(C)(CO)N.Cn1c2c(c(=O)n(c1=O)C)[nH]c(n2)Br,Negative,0
272,12124,CC(=O)Nc1cccc(c1)O,Negative,0
273,12460,CC1C(OCCN1C)c2ccccc2,Negative,0
274,12560,CCC1C(C(C(C(=O)C(CC(C(C(C(C(C(=O)O1)C)OC2CC(C(C(O2)C)O)(C)OC)C)OC3C(C(CC(O3)C)N(C)C)O)(C)O)C)C)O)(C)O,Positive,1
275,13109,CCC12CCC3C(C1CCC2(C#C)O)CCC4=CC(=O)CCC34,Negative,0
276,13342,CCC1(CC2CC(c3c(c4ccccc4[nH]3)CCN(C2)C1)(c5cc6c(cc5OC)N(C7C68CCN9C8C(C=CC9)(C(C7(C(=O)OC)O)OC(=O)C)CC)C)C(=O)OC)O,Negative,0
277,13505,CCOC(=O)C1(CCN(CC1)CCC(C#N)(c2ccccc2)c3ccccc3)c4ccccc4,Negative,0
278,13804,C[N+](C)(C)CCOP(=O)([O-])OP(=O)(O)OCC1C(C(C(O1)n2ccc(nc2=O)N)O)O,Negative,0
279,14403,COc1cc2c(c3c1c4c(c(=O)o3)C(=O)CC4)C5C=COC5O2,Positive,1
280,14985,Cc1c(c2c(c(c1O)C)CCC(O2)(C)CCCC(C)CCCC(C)CCCC(C)C)C,Negative,0
281,15250,CC(C)Cc1ccc(cc1)CC(=O)O,Positive,1
282,15541,CC1CC(=O)C2(C(O1)OC3C(C(C(C(C3O2)NC)O)NC)O)O,Negative,0
283,16231,c1(c(nc(c(n1)Cl)N)N)C(=O)N=C(N)N,Positive,1
284,16362,c1ccc2c(c1)[nH]c(=O)n2C3CCN(CC3)CCCC(c4ccc(cc4)F)c5ccc(cc5)F,Negative,0
285,16960,CN(C)CCC(c1ccc(cc1)Br)c2ccccn2,Negative,0
286,17012,c1ccc2c(c1)C(=CCCN3CCN(CC3)CCO)c4cc(ccc4S2)C(F)(F)F,Negative,0
287,18283,Cc1cn(c(=O)[nH]c1=O)C2C=CC(O2)CO,Positive,1
288,18381,Cc1c(c(no1)c2c(cccc2Cl)Cl)C(=O)NC3C4N(C3=O)C(C(S4)(C)C)C(=O)O,Positive,1
289,19649,CC1C(C(C(O1)OC2C(C(C(C(C2O)O)N=C(N)N)O)N=C(N)N)OC3C(C(C(C(O3)CO)O)O)NC)(C=O)O,Negative,0
290,19988,COc1cc(c(cc1S(=O)(=O)O)C(=O)c2ccccc2)O,Negative,0
291,20469,CC1CC2C3CCC4=CC(=O)C=CC4(C3(C(CC2(C1(C(=O)CO)O)C)O)Cl)C,Negative,0
292,21382,CN(C)CCCC1c2ccccc2Nc3c1cc(cc3)Cl,Positive,1
293,23897,CCc1c([nH]c2c1C(=O)C(CC2)CN3CCOCC3)C,Negative,0
294,24066,c1cn(c(=O)nc1N)C2CCC(O2)CO,Positive,1
295,24705,C[Si](C)(C)O[Si](C)(C)O[Si](C)(C)C,Negative,0
296,25429,COC(=O)Nc1[nH]c2ccccc2n1,Positive,1
297,25517,[NH4+].[Cl-],Negative,0
298,26757,CC(Cc1ccccc1)N(C)CC#C,Negative,0
299,26934,CC(C(c1ccccc1)O)N,Negative,0
300,26987,CC(c1ccccc1)(c2ccc(cc2)Cl)OCCC3CCCN3C,Negative,0
301,27350,CC(=O)OC1CC2CCC3C(C2(CC1[N+]4(CCCCC4)C)C)CCC5(C3CC(C5OC(=O)C)[N+]6(CCCCC6)C)C.[Br-].[Br-],Negative,0
302,28486,[Li+],Negative,0
303,28858,c1cc(ccc1c2nc(cs2)CC(=O)O)Cl,Positive,1
304,29321,CC(=O)N1c2ccccc2C(C1=O)(c3ccc(cc3)OC(=O)C)c4ccc(cc4)OC(=O)C,Positive,1
305,29327,CN(C(=O)NC1C(C(C(OC1O)CO)O)O)N=O,Positive,1
306,30322,CC1C(C(CC(O1)OC2C(OC(CC2O)OC3C(OC(CC3O)OC4CCC5(C(C4)CCC6C5CC(C7(C6(CCC7C8=CC(=O)OC8)O)C)O)C)C)C)O)O,Negative,0
307,30951,C=CCOc1ccc(cc1Cl)CC(=O)O,Positive,1
308,31378,CC12CCC(=O)C=C1CCC3C2(C(CC4(C3CCC4(C(=O)CO)O)C)O)F,Negative,0
309,31401,CC(CCC(=O)O)C1CCC2C1(CCC3C2C(CC4C3(CCC(C4)O)C)O)C,Negative,0
310,32756,CC(=O)NC1C(C(C(OC1O)CO)OS(=O)(=O)[O-])OC2C(C(C(C(O2)C(=O)[O-])O)O)O,Positive,1
311,33176,Cc1c(c2ccc(cc2n1CC(=O)O)OC)C(=O)c3ccc(cc3)Cl,Positive,1
312,34359,CC(Cc1ccc(c(c1)O)O)(C(=O)O)NN,Negative,0
313,34633,CCOC(=O)Nc1ccc2c(c1)N(c3ccccc3S2)C(=O)CCN4CCOCC4,Positive,1
314,35370,Cc1cn(c(=O)[nH]c1=O)C2CC(C(O2)CO)N=[N+]=[N-],Positive,1
315,35935,CC(c1ccc(c(c1)Cl)N2CC=CC2)C(=O)O,Positive,1
316,36314,CC1=C2C(C(=O)C3(C(CC4C(C3C(C(C2(C)C)(CC1OC(=O)C(C(c5ccccc5)NC(=O)c6ccccc6)O)O)OC(=O)c7ccccc7)(CO4)OC(=O)C)O)C)OC(=O)C,Positive,1
317,36462,CC1OCC2C(O1)C(C(C(O2)OC3c4cc5c(cc4C(C6C3COC6=O)c7cc(c(c(c7)OC)O)OC)OCO5)O)O,Positive,1
318,36811,CC(CCc1ccc(cc1)O)NCCc2ccc(c(c2)O)O,Negative,0
319,37464,CC(C)(C)NCC(COc1ccccc1C2CCCC2)O,Negative,0
320,37768,C1C(C(C(C(C1NC(=O)C(CCN)O)OC2C(C(C(C(O2)CO)O)N)O)O)OC3C(C(C(C(O3)CN)O)O)O)N,Negative,0
321,38409,c1cc(sc1)C(=O)c2ccc(c(c2Cl)Cl)OCC(=O)O,Positive,1
322,39042,CC(C)(C(=O)O)Oc1ccc(cc1)CCNC(=O)c2ccc(cc2)Cl,Negative,0
323,39147,CC(C)(C)NCC(COc1cccc2c1CC(C(C2)O)O)O,Negative,0
324,39186,CC(=O)OC1C(Sc2ccccc2N(C1=O)CCN(C)C)c3ccc(cc3)OC,Positive,1
325,39941,CC(c1ccc2c(c1)nc(o2)c3ccc(cc3)Cl)C(=O)O,Positive,1
326,40326,CC1(C(C1C(=O)OCc2cccc(c2)Oc3ccccc3)C=C(Cl)Cl)C,Negative,0
327,40399,c1cc(c(c(c1C(=O)c2cc(c(c(c2)O)O)O)O)O)O,Positive,1
328,40926,c1nc2c(n1C3CC(C(O3)CO)O)NC=NCC2O,Positive,1
329,41867,CC1C(C(CC(O1)OC2CC(Cc3c2c(c4c(c3O)C(=O)c5cccc(c5C4=O)OC)O)(C(=O)CO)O)N)O,Positive,1
330,43708,CN(C)CCn1c(nnn1)SCC2=C(N3C(C(C3=O)NC(=O)Cc4csc(n4)N)SC2)C(=O)O,Positive,1
331,47576,CC(=O)N1CCN(CC1)c2ccc(cc2)OCC3COC(O3)(Cn4ccnc4)c5ccc(cc5Cl)Cl,Positive,1
332,50599,c1[nH]c2c(c(=O)n1)ncn2C3CCC(O3)CO,Positive,1
333,53232,CCC(C)C(=O)OC1CC(C=C2C1C(C(C=C2)C)CCC3CC(CC(=O)O3)O)C,Negative,0
334,53359,CN(CC(=O)O)C(=S)c1cccc2c1ccc(c2C(F)(F)F)OC,Positive,1
335,54454,CCC(C)(C)C(=O)OC1CC(C=C2C1C(C(C=C2)C)CCC3CC(CC(=O)O3)O)C,Negative,0
336,54766,CC(C)(C)NCC(c1cc(cc(c1)OC(=O)N(C)C)OC(=O)N(C)C)O,Negative,0
337,54892,CCOC(=O)C(CCc1ccccc1)NC(C)C(=O)N2Cc3ccccc3CC2C(=O)O,Positive,1
338,55185,CCC1C(C(C(N(CC(CC(C(C(C(C(C(=O)O1)C)OC2CC(C(C(O2)C)O)(C)OC)C)OC3C(C(CC(O3)C)N(C)C)O)(C)O)C)C)C)O)(C)O,Negative,0
339,55283,CCC(C)n1c(=O)n(cn1)c2ccc(cc2)N3CCN(CC3)c4ccc(cc4)OCC5COC(O5)(Cn6cncn6)c7ccc(cc7Cl)Cl,Positive,1
340,56069,CC(CS(=O)(=O)c1ccc(cc1)F)(C(=O)Nc2ccc(c(c2)C(F)(F)F)C#N)O,Positive,1
341,57363,CC12CCC3C(C1CCC2C(=O)NC(C)(C)C)CCC4C3(C=CC(=O)N4)C,Negative,0
342,59768,CC(C)NCC(COc1ccc(cc1)CCC(=O)OC)O,Negative,0
343,60021,CC1CN(CCN1)c2cc3c(cc2F)c(=O)c(cn3c4ccc(cc4F)F)C(=O)O,Positive,1
344,60168,C[N+]1(CCc2cc(c(c(c2C1Cc3cc(c(c(c3)OC)OC)OC)OC)OC)OC)CCCOC(=O)CCC(=O)OCCC[N+]4(CCc5cc(c(c(c5C4Cc6cc(c(c(c6)OC)OC)OC)OC)OC)OC)C.[Cl-].[Cl-],Negative,0
345,60172,c1nc(c2c(n1)n(cn2)CCOCP(=O)(O)O)N,Positive,1
346,60198,CC12CCC3C(C1CCC2=O)CC(=C)C4=CC(=O)C=CC34C,Positive,1
347,60490,CC(c1cc2ccccc2s1)N(C(=O)N)O,Positive,1
348,60663,CC(C)C1c2ccc(cc2CCC1(CCN(C)CCCc3[nH]c4ccccc4n3)OC(=O)COC)F,Negative,0
349,60700,CCC1(c2cc-3n(c(=O)c2COC1=O)Cc4c3nc5ccc(c(c5c4)CN(C)C)O)O,Negative,0
350,60714,CC(CN1CCN(CCN(CCN(CC1)CC(=O)[O-])CC(=O)[O-])CC(=O)[O-])O.[Gd+3],Negative,0
351,60726,c1cc(c(c(c1)C(=O)c2ccc(cc2)Br)N)CC(=O)O,Positive,1
352,60753,CCCCCCCN(CC)CCCC(c1ccc(cc1)NS(=O)(=O)C)O,Negative,0
353,60774,Cc1ccc(c(c1)C(CCN(C(C)C)C(C)C)c2ccccc2)O,Negative,0
354,60787,CC(C)(C)NC(=O)C1CC2CCCCC2CN1CC(C(Cc3ccccc3)NC(=O)C(CC(=O)N)NC(=O)c4ccc5ccccc5n4)O,Positive,1
355,60823,CC(C)c1c(c(c(n1CCC(CC(CC(=O)O)O)O)c2ccc(cc2)F)c3ccccc3)C(=O)Nc4ccccc4,Positive,1
356,60825,c1cn(c(=O)nc1N)C2CSC(O2)CO,Positive,1
357,60835,CNCCC(c1cccs1)Oc2cccc3c2cccc3,Positive,1
358,60877,c1c(c(nc(=O)n1C2CSC(O2)CO)N)F,Positive,1
359,60919,Cc1c2c(nc(n1)C)N(C(=O)CC2)Cc3ccc(cc3)c4ccccc4c5n[nH]nn5,Positive,1
360,60953,CCCCCOC(=O)Nc1c(cn(c(=O)n1)C2C(C(C(O2)C)O)O)F,Positive,1
361,62959,c1cc(c(cc1F)F)n2cc(c(=O)c3c2nc(c(c3)F)N4CC5C(C4)C5N)C(=O)O,Positive,1
362,65140,c1nc2c(nc(nc2n1C3CC(C=C3)CO)N)NC4CC4,Positive,1
363,65492,CC(C(=O)Nc1c(c(c(c(c1I)C(=O)NC(CO)CO)I)C(=O)NC(CO)CO)I)O,Negative,0
364,65592,Cc1cc(c(c2c1cccn2)O)Br,Positive,1
365,65679,CN1c2c(oc(=O)n(c2=O)c3ccccn3)-c4ccccc4S1(=O)=O,Positive,1
366,65869,c1cc(ccc1S(=O)(=O)NC=NCCSCc2csc(n2)N=C(N)N)Br,Positive,1
367,67425,CCN(CC)CCOc1cccc(c1OCCN(CC)CC)OCCN(CC)CC,Negative,0
368,68617,CNC1CCC(c2c1cccc2)c3ccc(c(c3)Cl)Cl,Negative,0
369,68870,CN1c2ccccc2C(c3ccc(cc3S1(=O)=O)Cl)NCCCCCCC(=O)O,Positive,1
370,71900,Cc1nc(cn1c2ccc(cc2)[N+](=O)[O-])[N+](=O)[O-],Positive,1
371,72474,Cc1c2c(cc(c1F)N3CCNC(C3)C)n(cc(c2=O)C(=O)O)C4CC4,Positive,1
372,77999,CN(CCOc1ccc(cc1)CC2C(=O)NC(=O)S2)c3ccccn3,Positive,1
373,82146,Cc1cc2c(cc1C(=C)c3ccc(cc3)C(=O)O)C(CCC2(C)C)(C)C,Positive,1
374,84029,CCC1C(C(C(C(=O)C(CC(C(C(C(C(C(=O)O1)C)OC2CC(C(C(O2)C)O)(C)OC)C)OC3C(C(CC(O3)C)N(C)C)O)(C)OC)C)C)O)(C)O,Positive,1
375,93860,B(C(CC(C)C)NC(=O)C(Cc1ccccc1)NC(=O)c2cnccn2)(O)O,Positive,1
376,104865,CC(C)(C)c1ccc(cc1)S(=O)(=O)Nc2c(c(nc(n2)c3ncccn3)OCCO)Oc4ccccc4OC,Positive,1
377,114965,CCCCOCC(CN1C(=O)C(C(=O)NC1=O)(CC)c2ccccc2)OC(=O)N.CCCCOCC(CN1C(=O)C(C(=O)N(C1=O)CC(COCCCC)OC(=O)N)(CC)c2ccccc2)OC(=O)N.CCC1(C(=O)NC(=O)NC1=O)c2ccccc2,Positive,1
378,123620,CC1CC2C3CCC4=CC(=O)C=CC4(C3(C(CC2(C1(C(=O)CCl)O)C)O)Cl)C,Negative,0
379,126941,CN(Cc1cnc2c(n1)c(nc(n2)N)N)c3ccc(cc3)C(=O)NC(CCC(=O)O)C(=O)O,Positive,1
380,146570,CN(C)CCCC1(c2ccc(cc2CO1)C#N)c3ccc(cc3)F,Negative,0
381,148124,CC1=C2C(C(=O)C3(C(CC4C(C3C(C(C2(C)C)(CC1OC(=O)C(C(c5ccccc5)NC(=O)OC(C)(C)C)O)O)OC(=O)c6ccccc6)(CO4)OC(=O)C)O)C)O,Positive,1
382,149096,CC1COc2c3n1cc(c(=O)c3cc(c2N4CCN(CC4)C)F)C(=O)O,Positive,1
383,149351,CCCCCC(C=CC1C(CC(=O)C1CCCCCCC(=O)O)O)O,Negative,0
384,151166,Cc1ccc(c(c1)CC(=O)O)Nc2c(cccc2Cl)F,Positive,1
385,152946,COc1c2c(cc(c1N3CC4CCCNC4C3)F)c(=O)c(cn2C5CC5)C(=O)O,Positive,1
386,153270,CCOC1C(CC(=O)O1)NC(=O)C2CCCN3N2C(=O)C(CCC3=O)NC(=O)c4c5ccccc5ccn4,Positive,1
387,153941,C=C1C(CC(C1CO)O)n2cnc3c2[nH]c(nc3=O)N,Positive,1
388,165580,C1C(C(C(C(C1N)OC2C(C(C(C(O2)CO)O)O)N)OC3C(C(C(O3)CO)OC4C(C(C(C(O4)CN)O)O)N)O)O)N,Negative,0
389,171548,C1C2C(C(S1)CCCCC(=O)O)NC(=O)N2,Negative,0
390,174174,CN1C2CCC1CC(C2)OC(=O)C(CO)c3ccccc3,Negative,0
391,197712,Cc1cc(nc(n1)OC(C(=O)O)C(c2ccccc2)(c3ccccc3)OC)C,Positive,1
392,202225,CC1CC(C(C(O1)OC2C(CC3(CO3)C(=O)C(C(C(C(OC(=O)C(C(C2C)OC4CC(C(C(O4)C)OC(=O)C)OC)C)C)C)OC(=O)C)C)C)OC(=O)C)N(C)C,Positive,1
393,208908,CS(=O)(=O)CCNCc1ccc(o1)c2ccc3c(c2)c(ncn3)Nc4ccc(c(c4)Cl)OCc5cccc(c5)F,Positive,1
394,213039,CC(C)CN(CC(C(Cc1ccccc1)NC(=O)OC2COC3C2CCO3)O)S(=O)(=O)c4ccc(cc4)N,Positive,1
395,239062,CCOC(C(=O)c1ccc(cc1)c2ccccc2)Nc3ccc(cc3)C(=O)O,Positive,1
396,255968,CCc1c(c2ccccc2o1)C(=O)c3ccc(cc3)O,Positive,1
397,294641,C1C(ON=C1Cl)C(C(=O)O)N,Negative,0
398,392622,CC(C)c1nc(cs1)CN(C)C(=O)NC(C(C)C)C(=O)NC(Cc2ccccc2)CC(C(Cc3ccccc3)NC(=O)OCc4cncs4)O,Positive,1
399,439260,c1cc(c(cc1C(CN)O)O)O,Negative,0
400,439302,CCC(C)C1C(=O)NC(C(=O)NC(C(=O)NC(CSSCC(C(=O)NC(C(=O)N1)Cc2ccc(cc2)O)N)C(=O)N3CCCC3C(=O)NC(CC(C)C)C(=O)NCC(=O)N)CC(=O)N)CCC(=O)N,Negative,0
401,441140,CC1CC(=O)C=C(C12C(=O)c3c(cc(c(c3O2)Cl)OC)OC)OC,Positive,1
402,441184,CC1C(C(C(C(O1)OC2C(OC(C(C2O)O)OC3C(OC(C(C3O)O)O)CO)CO)O)O)NC4C=C(C(C(C4O)O)O)CO,Positive,1
403,441199,COC1(C2N(C1=O)C(=C(CS2)COC(=O)N)C(=O)O)NC(=O)Cc3cccs3,Positive,1
404,441233,c1ccc(cc1)C2CC2N,Negative,0
405,441278,CC1C2Cc3ccc(cc3C1(CCN2CC=C(C)C)C)O,Negative,0
406,441281,Cn1c(c-2nc(nc2n(c1=O)C)Cl)[O-].C[NH+](C)CCOC(c1ccccc1)c2ccccc2,Negative,0
407,441290,CC(=O)OC1C(CC2C1(CCC3C2CCC4C3(CC(C(C4)O)N5CCOCC5)C)C)[N+]6(CCCC6)CC=C,Negative,0
408,441350,CC(Cc1ccc(cc1)O)(C(=O)O)N,Negative,0
409,443884,CC(CO)NC(=O)C1CN(C2Cc3c[nH]c4c3c(ccc4)C2=C1)C,Negative,0
410,444013,COCCNC(=O)CN(CCN(CCN(CC(=O)NCCOC)CC(=O)[O-])CC(=O)[O-])CC(=O)[O-].[Gd+3],Negative,0
411,445354,CC1=C(C(CCC1)(C)C)C=CC(=CC=CC(=CCO)C)C,Negative,0
412,456255,Cn1c(nnn1)SCC2=C(N3C(C(C3=O)NC(=O)C(c4ccccc4)O)SC2)C(=O)O,Positive,1
413,464205,CC(Cn1cnc2c1ncnc2N)OCP(=O)(O)O,Positive,1
414,656511,CC1(C(N2C(S1)C(C2=O)NC(=O)C(c3ccccc3)NC(=O)N4CCN(C4=O)S(=O)(=O)C)C(=O)O)C,Positive,1
415,657298,CCCc1cc(=O)[nH]c(=S)[nH]1,Positive,1
416,667490,c1[nH]c2c(n1)[nH]cnc2=S,Positive,1
417,708857,CN1CCCN=C1C=Cc2cccs2,Negative,0
418,941651,CN1CCN(CC1)CCC=C2c3ccccc3Sc4c2cc(cc4)S(=O)(=O)N(C)C,Positive,1
419,1349907,Cn1cc[nH]c1=S,Positive,1
420,1548943,CC(C)C=CCCCCC(=O)NCc1ccc(c(c1)OC)O,Negative,0
421,1548972,CC(C)n1c2ccccc2c(c1C=CC(CC(CC(=O)O)O)O)c3ccc(cc3)F,Negative,0
422,2723601,c1[nH]c2c(n1)[nH]c(nc2=S)N,Positive,1
423,2733526,CCC(=C(c1ccccc1)c2ccc(cc2)OCCN(C)C)c3ccccc3,Positive,1
424,3000502,CC1C(=O)NC(C(=O)NC(=CNC(=O)N)C(=O)NC(C(=O)NCC(C(=O)N1)N)C2CCN=C(N2)N)CNC(=O)CC(CCCN)N.C1CN=C(NC1C2C(=O)NCC(C(=O)NC(C(=O)NC(C(=O)NC(=CNC(=O)N)C(=O)N2)CNC(=O)CC(CCCN)N)CO)N)N,Negative,0
425,3001322,CCCCN1C(=O)C(NC(=O)C12CCN(CC2)Cc3ccc(cc3)Oc4ccc(cc4)C(=O)O)C(C5CCCCC5)O,Positive,1
426,3033952,CN(C)Cc1ccc(o1)CSCCNC(=C[N+](=O)[O-])NCc2ccc3c(c2)OCO3,Positive,1
427,3034010,CCCCCCCCCCCC(CC1C(C(=O)O1)CCCCCC)OC(=O)C(CC(C)C)NC=O,Positive,1
428,3083544,CC(Cc1ccc(cc1)OC)NCC(c2ccc(c(c2)NC=O)O)O,Negative,0
429,3083714,CC(C)CC1C(=O)NC(C(=O)NC(C(=O)NC(C(=O)NCCC(C(=O)NC(C(=O)NC(C(=O)N1)Cc2ccccc2)CCN)NC(=O)C(CCN)NC(=O)C(C(C)O)NC(=O)C(CCN)NC(=O)O)C(C)O)CCN)CCN,Negative,0
430,4659569,Cc1ccc(cc1)C(=O)c2cc(c(c(c2)O)O)[N+](=O)[O-],Positive,1
431,5280360,CCCCCC(C=CC1C(CC(=O)C1CC=CCCCC(=O)O)O)O,Negative,0
432,5280452,CN1C(=C(Nc2ccccn2)O)C(=O)c3ccccc3S1(=O)=O,Positive,1
433,5280793,CC(C)C(C)C=CC(C)C1CCC2C1(CCCC2=CC=C3CC(CCC3=C)O)C,Negative,0
434,5281011,CC1c2cccc(c2C(=C3C1C(C4C(C(=O)C(=C(N)O)C(=O)C4(C3=O)O)N(C)C)O)O)O,Positive,1
435,5281040,CC(C)(c1ccccc1CCC(c2cccc(c2)C=Cc3ccc4ccc(cc4n3)Cl)SCC5(CC5)CC(=O)O)O,Negative,0
436,5282443,Cc1ccc(cc1)C(=CCN2CCCC2)c3ccccn3,Negative,0
437,5284371,CN1CCC23c4c5ccc(c4OC2C(C=CC3C1C5)O)OC,Negative,0
438,5284569,CN1CCC23c4c5ccc(c4OC2C(=O)CCC3C1C5)OC,Negative,0
439,5284570,CN1CCC23c4c5ccc(c4OC2C(=O)CCC3C1C5)O,Negative,0
440,5284594,C=C1CCC2(C3Cc4ccc(c5c4C2(C1O5)CCN3CC6CC6)O)O,Negative,0
441,5284603,CN1CCC23c4c5ccc(c4OC2C(=O)CCC3(C1C5)O)OC,Negative,0
442,5284604,CN1CCC23c4c5ccc(c4OC2C(=O)CCC3(C1C5)O)O,Negative,0
443,5288826,CN1CCC23c4c5ccc(c4OC2C(C=CC3C1C5)O)O,Negative,0
444,5329102,CCN(CC)CCNC(=O)c1c(c([nH]c1C)C=C2c3cc(ccc3NC2=O)F)C,Positive,1
445,5351166,CN(C)NN=C1C(=NC=N1)C(=O)N,Positive,1
446,5353830,c1cc(oc1C=NN2CC(=O)NC2=O)[N+](=O)[O-],Positive,1
447,5353980,c1ccnc(c1)NS(=O)(=O)c2ccc(cc2)NN=C3C=CC(=O)C(=C3)C(=O)O,Positive,1
448,5360696,CN1CCC23CCCCC2C1Cc4c3cc(cc4)OC,Negative,0
449,5361919,Cn1c(nc(=O)c(=O)[nH]1)SCC2=C(N3C(C(C3=O)NC(=O)C(=NOC)c4csc(n4)N)SC2)C(=O)O,Positive,1
450,5362124,CCOC(=O)C(CCc1ccccc1)NC2CCc3ccccc3N(C2=O)CC(=O)O,Positive,1
451,5362440,CC(C)(C)NC(=O)C1CN(CCN1CC(CC(Cc2ccccc2)C(=O)NC3c4ccccc4CC3O)O)Cc5cccnc5,Positive,1
452,5381226,Cc1c(c2c3c4c1OC(C4=O)(OC=CC(C(C(C(C(C(C(C(C=CC=C(C(=O)NC(=C2O)C(=CNN5CCN(CC5)C)C3=O)C)C)O)C)O)C)OC(=O)C)C)OC)C)O,Positive,1
453,5462516,CCC1C2(C(C(C(=O)C(CC(C(C(C(=O)C(C(=O)O1)C)C)OC3C(C(CC(O3)C)N(C)C)O)(C)OC)C)C)N(C(=O)O2)CCCCn4cc(nc4)c5cccnc5)C,Positive,1
454,5480200,CON=C(c1ccc(cc1)c2ccc(o2)c3ccc(cc3)C(=NOC)N)N,Positive,1
455,5486971,CC(C)CC(CC(=O)O)CN,Negative,0
456,5488548,CC1CN(CCC1(C)c2cccc(c2)O)CC(Cc3ccccc3)C(=O)NCC(=O)O,Negative,0
457,5493381,c1cc(ccc1C(=O)O)N2C(=C3C=CC=CC3=O)NC(=C4C=CC=CC4=O)N2,Positive,1
458,5493444,CC(C)C(Cc1ccc(c(c1)OCCCOC)OC)CC(C(CC(C(C)C)C(=O)NCC(C)(C)C(=O)N)O)N,Negative,0
459,6323490,Cc1c(c2c3c4c1OC(C4=O)(OC=CC(C(C(C(C(C(C(C(C=CC=C(C(=O)NC(=C5C3=NC6(N5)CCN(CC6)CC(C)C)C2=O)C)C)O)C)O)C)OC(=O)C)C)OC)C)O,Positive,1
460,6433328,CCCCCCCCC=CCCCCCCCC(=O)O.C(CO)N,Negative,0
461,6433516,CO[Si](C)(C)O[Si](C)(C)C.O=[Si]=O,Negative,0
462,6918456,CC(=O)Oc1cc2c(s1)CCN(C2)C(c3ccccc3F)C(=O)C4CC4,Negative,0
463,6918508,CN1CCC(CC1)Nc2ncc3c(n2)c(ncn3)Nc4ccc(c(c4)Cl)F,Positive,1
464,9887054,C1CCC(C(C1)N)N.C(=O)(C(=O)[O-])[O-].[Pt+2],Positive,1
465,9915926,Cc1ccc(cc1C)n2c(=O)c(c([nH]2)C)NN=C3C=CC=C(C3=O)c4cccc(c4)C(=O)O.C(CO)N.C(CO)N,Positive,1
466,10113978,Cc1ccc(cc1S(=O)(=O)N)Nc2nccc(n2)N(C)c3ccc4c(n(nc4c3)C)C,Positive,1
467,10429215,C[N+]1(C2CCC1CC(C2)OC(=O)C(c3ccccc3)O)C.[Br-],Negative,0
468,11953884,CC1C=CC=CCCC=CC=CC=CC=CC(CC(C(C(CC(=O)CC(C(CCC(CC(CC(CC(=O)OC(C(C1O)C)C)O)O)O)O)O)O)C(=O)O)O)OC2C(C(C(C(O2)C)O)N)O,Negative,0
469,11963622,[C-]#N.[C-]#N.[C-]#N.[C-]#N.[C-]#N.[N-]=O.[Fe+4],Negative,0
470,23663956,CCCC(CCC)C(=O)O.CCCC(CCC)C(=O)[O-].[Na+],Positive,1
471,23673837,CCCCC(CC)COC(=O)CC(C(=O)OCC(CC)CCCC)S(=O)(=O)[O-].[Na+],Negative,0
472,54675785,CN(C)C1C2C(C3C(=C)c4cccc(c4C(=C3C(=O)C2(C(=C(C1=O)C(=O)N)O)O)O)O)O,Positive,1
473,54678501,C(C(C1C(=C(C(=O)O1)O)O)O)O,Negative,0
474,54680690,CN(C)C1C2CC3C(c4c(ccc(c4C(=C3C(=O)C2(C(=C(C1=O)C(=O)N)O)O)O)O)Cl)O,Positive,1
